{"_runtime":20118.259191109,"_step":29,"_wandb":{"runtime":20152},"epoch":30,"train_loss":1.4346405947208405,"_timestamp":1.7422117913202088e+09}